<?xml version='1.0' encoding='UTF-8' ?>
<timeLogEntries>
  <time id="1" path="/Project/TI1 Samuel Hernandez/Planning" start="@1631542879065" delta="25" />
  <time id="2" path="/Project/TI1 Samuel Hernandez/Planning" start="@1631544887249" delta="41" interrupt="5" />
  <time id="3" path="/Project/TI1 Samuel Hernandez/Planning" start="@1631548338022" delta="68" />
  <time id="4" path="/Project/TI1 Samuel Hernandez/Planning" start="@1631560285727" delta="39" />
  <time id="5" path="/Project/TI1 Samuel Hernandez/Design" start="@1631575364056" delta="28" />
  <time id="6" path="/Project/TI1 Samuel Hernandez/Design" start="@1631745381239" delta="113" interrupt="4" />
  <time id="7" path="/Project/TI1 Samuel Hernandez/Design" start="@1631760774496" delta="99" />
  <time id="8" path="/Project/TI1 Samuel Hernandez/Design" start="@1631800815022" delta="4" />
  <time id="9" path="/Project/TI1 Samuel Hernandez/Design" start="@1631801437432" delta="140" interrupt="4" />
  <time id="10" path="/Project/TI1 Samuel Hernandez/Design" start="@1631890563466" delta="36" />
  <time id="11" path="/Project/TI1 Samuel Hernandez/Design" start="@1631895080825" delta="4" />
  <time id="12" path="/Project/TI1 Samuel Hernandez/Code" start="@1631919987128" delta="6" />
  <time id="13" path="/Project/TI1 Samuel Hernandez/Code" start="@1631979136992" delta="75" />
  <time id="14" path="/Project/TI1 Samuel Hernandez/Code" start="@1632179371927" delta="82" />
  <time id="15" path="/Project/TI1 Samuel Hernandez/Code" start="@1632528421638" delta="44" />
  <time id="16" path="/Project/TI1 Samuel Hernandez/Code" start="@1632585987138" delta="180" />
  <time id="17" path="/Project/TI1 Samuel Hernandez/Code" start="@1632607576461" delta="65" />
  <time id="18" path="/Project/TI1 Samuel Hernandez/Code" start="@1632612552894" delta="59" />
  <time id="19" path="/Project/TI1 Samuel Hernandez/Code" start="@1632675753287" delta="68" />
  <time id="20" path="/Project/TI1 Samuel Hernandez/Code" start="@1632717142807" delta="118" />
  <time id="21" path="/Project/TI1 Samuel Hernandez/Code" start="@1632855393033" delta="300" />
</timeLogEntries>
