<?xml version='1.0' encoding='UTF-8' ?>
<timeLogEntries>
  <time id="1" path="/Proyecto/TI1/David Montaño Tamayo/Planning" start="@1631381925372" delta="47" comment="Added context of the problem, Development of the solution, identified the problem and start with information Gathering" />
  <time id="2" path="/Proyecto/TI1/David Montaño Tamayo/Design" start="@1631747850901" delta="34" comment="Start with ADT Stack" />
  <time id="3" path="/Proyecto/TI1/David Montaño Tamayo/Design" start="@1631766374797" delta="120" comment="Finished ADT Stack, ADT Queue" />
  <time id="4" path="/Proyecto/TI1/David Montaño Tamayo/Planning" start="@1631774293272" delta="24" comment="Added ADT Stack, ADT Queue and step 3, step 4 and step 5 of engineering method" />
  <time id="5" path="/Proyecto/TI1/David Montaño Tamayo/Code" start="@1632093501157" delta="19" comment="Merge Problems" />
  <time id="6" path="/Proyecto/TI1/David Montaño Tamayo/Planning" start="@1632094835000" delta="11" comment="Work on Step 4" />
  <time id="7" path="/Proyecto/TI1/David Montaño Tamayo/Planning" start="@1632165428000" delta="176" comment="Added Step 4, Step 5 of Engineering Method" />
  <time id="8" path="/Proyecto/TI1/David Montaño Tamayo/Design" start="@1632241328838" delta="117" comment="Added requierements and start with sort" />
  <time id="9" path="/Proyecto/TI1/David Montaño Tamayo/Code" start="@1632275667859" delta="65" comment="Added insertion sort" />
  <time id="10" path="/Proyecto/TI1/David Montaño Tamayo/Code" start="@1632425966611" delta="105" comment="Modified Insertion Sort on tablet" />
  <time id="11" path="/Proyecto/TI1/David Montaño Tamayo/Code" start="@1632452062205" delta="80" comment="Modified Insertion Sort" />
  <time id="12" path="/Proyecto/TI1/David Montaño Tamayo/Design" start="@1632456917824" delta="36" comment="Work on algoritmh analisys" />
  <time id="13" path="/Proyecto/TI1/David Montaño Tamayo/Design" start="@1632459121365" delta="77" comment="Work on algorithm analisys" />
  <time id="14" path="/Proyecto/TI1/David Montaño Tamayo/Design" start="@1632525991421" delta="85" interrupt="1" comment="Work on insertion sort analisys" />
  <time id="15" path="/Proyecto/TI1/David Montaño Tamayo/Design" start="@1632599359296" delta="23" />
</timeLogEntries>
