<?xml version='1.0' encoding='UTF-8' ?>
<timeLogEntries>
  <time id="2" comment="Mockup design" flag="M" />
  <time id="3" comment="Mockup design" flag="M" />
  <time id="4" comment="Mockup design" flag="M" />
  <time id="5" comment="Initial objects" flag="M" />
  <time id="6" comment="Plain text file" flag="M" />
  <time id="7" comment="Model development" flag="M" />
  <time id="8" comment="Model development" flag="M" />
  <time id="9" comment="Model development" flag="M" />
  <time id="10" comment="Model development" flag="M" />
  <time id="11" comment="Model development" flag="M" />
  <time id="12" comment="Model development" flag="M" />
</timeLogEntries>
